temp,I_value,r_value,dp_value,target
30,20583117605456600000000000000000000000000000000000000000000000000000000000000000000.00,0.000000000000000,1000,1
31,38577013449144300000000000000000000000000000000000000000000000000000000000000000.00,0.000000000000000,1000,1
32,107052042784032000000000000000000000000000000000000000000000000000000000000000.00,0.000000000000000,1000,1
33,424438596400389000000000000000000000000000000000000000000000000000000000000.00,0.000000000000000,1000,1
34,2329785629203370000000000000000000000000000000000000000000000000000000000.00,0.000000000000000,1000,1
35,17218226663505100000000000000000000000000000000000000000000000000000000.00,0.000000000000000,1000,1
36,167135215179800000000000000000000000000000000000000000000000000000000.00,0.000000000000000,1000,1
37,2084270204508490000000000000000000000000000000000000000000000000000.00,0.000000000000000,1000,1
38,32738335792057900000000000000000000000000000000000000000000000000.00,0.000000000000000,1000,1
39,636307053830431000000000000000000000000000000000000000000000000.00,0.000000000000000,1000,1
40,15060742023200200000000000000000000000000000000000000000000000.00,0.000000000000000,1000,1
41,427892143010873000000000000000000000000000000000000000000000.00,0.000000000000000,1000,1
42,14403422023748000000000000000000000000000000000000000000000.00,0.000000000000000,1000,1
43,567678671029760000000000000000000000000000000000000000000.00,0.000000000000000,1000,1
44,25916369018894600000000000000000000000000000000000000000.00,0.000000000000000,1000,1
45,1357140385079070000000000000000000000000000000000000000.00,0.000000000000000,1000,1
46,80792090296371900000000000000000000000000000000000000.00,0.000000000000000,1000,1
47,5423148105835970000000000000000000000000000000000000.00,0.000000000000000,1000,1
48,407393388395435000000000000000000000000000000000000.00,0.000000000000000,1000,1
49,34014471880613500000000000000000000000000000000000.00,0.000000000000000,1000,1
50,3136515932396190000000000000000000000000000000000.00,0.000000000000000,1000,1
51,317561597937106000000000000000000000000000000000.00,0.000000000000000,1000,1
52,35112605424014800000000000000000000000000000000.00,0.000000000000000,1000,1
53,4218784833695110000000000000000000000000000000.00,0.000000000000000,1000,1
54,548271890431080000000000000000000000000000000.00,0.000000000000000,1000,1
55,76741401529154500000000000000000000000000000.00,0.000000000000000,1000,1
56,11522912585263800000000000000000000000000000.00,0.000000000000000,1000,1
57,1849219239037960000000000000000000000000000.00,0.000000000000000,1000,1
58,316092097078485000000000000000000000000000.00,0.000000000000000,1000,1
59,57364709238678400000000000000000000000000.00,0.000000000000000,1000,1
60,11019999721968900000000000000000000000000.00,0.000000000000000,1000,1
61,2234647199861450000000000000000000000000.00,0.000000000000000,1000,1
62,477079007450497000000000000000000000000.00,0.000000000000000,1000,1
63,106969786192701000000000000000000000000.00,0.000000000000000,1000,1
64,25131793657154500000000000000000000000.00,0.000000000000000,1000,1
65,6173633548276100000000000000000000000.00,0.000000000000000,1000,1
66,1582462548928820000000000000000000000.00,0.000000000000000,1000,1
67,422448737300859000000000000000000000.00,0.000000000000000,1000,1
68,117242207469409000000000000000000000.00,0.000000000000000,1000,1
69,33769909771707200000000000000000000.00,0.000000000000000,1000,1
70,10079064307498000000000000000000000.00,0.000000000000000,1000,1
71,3112449789853060000000000000000000.00,0.000000000000000,1000,1
72,993024556373517000000000000000000.00,0.000000000000000,1000,1
73,326896720679217000000000000000000.00,0.000000000000000,1000,1
74,110892714849083000000000000000000.00,0.000000000000000,1000,1
75,38718245495860700000000000000000.00,0.000000000000000,1000,1
76,13898063936143800000000000000000.00,0.000000000000000,1000,1
77,5123306986052920000000000000000.00,0.000000000000000,1000,1
78,1937578802939260000000000000000.00,0.000000000000000,1000,1
79,751033451965412000000000000000.00,0.000000000000000,1000,1
80,298091224186290000000000000000.00,0.000000000000000,1000,1
81,121045316642495000000000000000.00,0.000000000000000,1000,1
82,50245036011173800000000000000.00,0.000000000000000,1000,1
83,21302945386735500000000000000.00,0.000000000000000,1000,1
84,9218470043348470000000000000.00,0.000000000000000,1000,1
85,4068530647625110000000000000.00,0.000000000000000,1000,1
86,1830110422645470000000000000.00,0.000000000000000,1000,1
87,838480748611812000000000000.00,0.000000000000000,1000,1
88,391032706063672000000000000.00,0.000000000000000,1000,1
89,185514374231196000000000000.00,0.000000000000000,1000,1
90,89482558479105500000000000.00,0.000000000000000,1000,1
91,43858959342041400000000000.00,0.000000000000000,1000,1
92,21832849854029500000000000.00,0.000000000000000,1000,1
93,11032591599278800000000000.00,0.000000000000000,1000,1
94,5656551407388800000000000.00,0.000000000000000,1000,1
95,2941262910760860000000000.00,0.000000000000000,1000,1
96,1550361568000530000000000.00,0.000000000000000,1000,1
97,828068339050760000000000.00,0.000000000000000,1000,1
98,447979222839207000000000.00,0.000000000000000,1000,1
99,245380264910067000000000.00,0.000000000000000,1000,1
100,136034716161491000000000.00,0.000000000000000,1000,1
101,76301477104623400000000.00,0.000000000000000,1000,1
102,43285256471793300000000.00,0.000000000000000,1000,1
103,24827185573441900000000.00,0.000000000000000,1000,1
104,14393205758332200000000.00,0.000000000000000,1000,1
105,8431357053342350000000.00,0.000000000000000,1000,1
106,4989071107811670000000.00,0.000000000000000,1000,1
107,2981269961731310000000.00,0.000000000000000,1000,1
108,1798556130217620000000.00,0.000000000000000,1000,1
109,1095150471180350000000.00,0.000000000000000,1000,1
110,672885034030340000000.00,0.000000000000000,1000,1
111,417079983620408000000.00,0.000000000000000,1000,1
112,260739686762595000000.00,0.000000000000000,1000,1
113,164363646075309000000.00,0.000000000000000,1000,1
114,104452829115941000000.00,0.000000000000000,1000,1
115,66905026155306200000.00,0.000000000000000,1000,1
116,43184990132719300000.00,0.000000000000000,1000,1
117,28083867820483200000.00,0.000000000000000,1000,1
118,18397059126615900000.00,0.000000000000000,1000,1
119,12137449223119100000.00,0.000000000000000,1000,1
120,8063373881919180000.00,0.000000000000000,1000,1
121,5393142331771470000.00,0.000000000000000,1000,1
122,3631035455511630000.00,0.000000000000000,1000,1
123,2460439997651890000.00,0.000000000000000,1000,1
124,1677726480674940000.00,0.000000000000000,1000,1
125,1151039443485640000.00,0.000000000000000,1000,1
126,794431707912604000.00,0.000000000000000,1000,1
127,551516990228025000.00,0.000000000000000,1000,1
128,385068283006029000.00,0.000000000000000,1000,1
129,270355701916870000.00,0.000000000000000,1000,1
130,190851874328834000.00,0.000000000000000,1000,1
131,135446042241801000.00,0.000000000000000,1000,1
132,96625716238898000.00,0.000000000000000,1000,1
133,69282691500947700.00,0.000000000000000,1000,1
134,49924418374930200.00,0.000000000000000,1000,1
135,36150108004552500.00,0.000000000000000,1000,1
136,26300741891998200.00,0.000000000000000,1000,1
137,19223969335092700.00,0.000000000000000,1000,1
138,14115327401554400.00,0.000000000000000,1000,1
139,10410440181588500.00,0.000000000000000,1000,1
140,7711451187308270.00,0.000000000000001,1000,1
141,5736563819341130.00,0.000000000000001,1000,1
142,4285260057468280.00,0.000000000000001,1000,1
143,3214209716691900.00,0.000000000000002,1000,1
144,2420505088324280.00,0.000000000000002,1000,1
145,1829939206819610.00,0.000000000000003,1000,1
146,1388773074338420.00,0.000000000000004,1000,1
147,1057927529530100.00,0.000000000000005,1000,1
148,808867738020000.00,0.000000000000006,1000,1
149,620674523931436.00,0.000000000000008,1000,1
150,477951512630286.00,0.000000000000010,1000,1
151,369323385881556.00,0.000000000000014,1000,1
152,286353936978782.00,0.000000000000017,1000,1
153,222763483504099.00,0.000000000000022,1000,1
154,173860608585476.00,0.000000000000029,1000,1
155,136127957972110.00,0.000000000000037,1000,1
156,106919198170121.00,0.000000000000047,1000,1
157,84236488737242.80,0.000000000000059,1000,1
158,66566488315036.80,0.000000000000075,1000,1
159,52759070196530.20,0.000000000000095,1000,1
160,41937313012389.20,0.000000000000119,1000,1
161,33430474075355.50,0.000000000000150,1000,1
162,26723910046823.60,0.000000000000187,1000,1
163,21421536937504.20,0.000000000000233,1000,1
164,17217598916978.10,0.000000000000290,1000,1
165,13875370332964.00,0.000000000000360,1000,1
166,11211038211590.40,0.000000000000446,1000,1
167,9081467842766.44,0.000000000000551,1000,1
168,7374888016489.20,0.000000000000678,1000,1
169,6003778216223.83,0.000000000000833,1000,1
170,4899421478193.95,0.000000000001021,1000,1
171,4007720956097.58,0.000000000001248,1000,1
172,3285978011735.36,0.000000000001522,1000,1
173,2700403994816.53,0.000000000001852,1000,1
174,2224193430619.22,0.000000000002248,1000,1
175,1836027972097.68,0.000000000002723,1000,1
176,1518911770240.68,0.000000000003292,1000,1
177,1259262507994.97,0.000000000003971,1000,1
178,1046200175857.40,0.000000000004779,1000,1
179,870989184122.39,0.000000000005741,999.9999999,1
180,726599680034.83,0.000000000006881,999.9999999,1
181,607361766914.46,0.000000000008232,999.9999999,1
182,508692303969.74,0.000000000009829,999.9999999,1
183,426878547631.57,0.000000000011713,999.9999999,1
184,358906414178.93,0.000000000013931,999.9999999,1
185,302323852642.33,0.000000000016539,999.9999998,1
186,255131907913.82,0.000000000019598,999.9999998,1
187,215697671671.74,0.000000000023181,999.9999998,1
188,182684573250.16,0.000000000027370,999.9999997,1
189,154996437758.83,0.000000000032259,999.9999997,1
190,131732498547.20,0.000000000037956,999.9999996,1
191,112151144427.44,0.000000000044583,999.9999996,1
192,95640646438.65,0.000000000052279,999.9999995,1
193,81695473179.90,0.000000000061203,999.9999994,1
194,69897090071.04,0.000000000071534,999.9999993,1
195,59898363469.28,0.000000000083475,999.9999992,1
196,51410868644.20,0.000000000097256,999.9999991,1
197,44194541489.49,0.000000000113136,999.9999989,1
198,38049225523.91,0.000000000131409,999.9999988,1
199,32807754440.75,0.000000000152403,999.9999986,1
200,28330281067.31,0.000000000176490,999.9999983,1
201,24499619899.94,0.000000000204085,999.9999981,1
202,21217415368.45,0.000000000235655,999.9999978,1
203,18400983998.92,0.000000000271725,999.9999974,1
204,15980707530.76,0.000000000312877,999.9999971,1
205,13897877255.35,0.000000000359767,999.9999966,1
206,12102908529.91,0.000000000413124,999.9999961,1
207,10553859489.97,0.000000000473760,999.9999956,1
208,9215200159.20,0.000000000542582,999.9999949,1
209,8056788008.98,0.000000000620595,999.9999942,1
210,7053014009.25,0.000000000708917,999.9999933,1
211,6182089699.97,0.000000000808788,999.9999924,1
212,5425451090.56,0.000000000921582,999.9999913,1
213,4767259495.60,0.000000001048821,999.9999902,1
214,4193982924.88,0.000000001192184,999.9999888,1
215,3694044516.22,0.000000001353530,999.9999873,1
216,3257526848.44,0.000000001534907,999.9999856,1
217,2875922899.61,0.000000001738572,999.9999837,1
218,2541925998.13,0.000000001967012,999.9999815,1
219,2249252416.45,0.000000002222961,999.9999791,1
220,1992491330.16,0.000000002509421,999.9999764,1
221,1766977750.36,0.000000002829690,999.9999734,1
222,1568684768.64,0.000000003187384,999.9999701,1
223,1394132059.62,0.000000003586461,999.9999663,1
224,1240308087.49,0.000000004031256,999.9999622,1
225,1104603879.42,0.000000004526510,999.9999575,1
226,984756574.92,0.000000005077397,999.9999523,1
227,878801248.03,0.000000005689569,999.9999466,2
228,785029739.43,0.000000006369185,999.9999402,2
229,701955435.68,0.000000007122959,999.9999331,2
230,628283100.45,0.000000007958196,999.9999253,2
231,562883002.30,0.000000008882841,999.9999166,2
232,504768701.27,0.000000009905527,999.999907,2
233,453077954.82,0.000000011035629,999.9998964,2
234,407056286.21,0.000000012283314,999.9998847,2
235,366042828.29,0.000000013659604,999.9998718,2
236,329458113.95,0.000000015176436,999.9998575,2
237,296793533.88,0.000000016846728,999.9998419,2
238,267602224.24,0.000000018684449,999.9998246,2
239,241491181.64,0.000000020704690,999.9998057,2
240,218114433.05,0.000000022923747,999.9997848,2
241,197167113.14,0.000000025359199,999.999762,2
242,178380323.35,0.000000028029997,999.9997369,2
243,161516664.75,0.000000030956558,999.9997094,2
244,146366352.65,0.000000034160857,999.9996793,2
245,132743833.60,0.000000037666533,999.9996464,2
246,120484837.16,0.000000041498998,999.9996105,2
247,109443803.81,0.000000045685547,999.9995712,2
248,99491639.03,0.000000050255479,999.9995283,2
249,90513750.19,0.000000055240226,999.9994815,2
250,82408329.17,0.000000060673479,999.9994305,2
251,75084848.31,0.000000066591331,999.9993749,2
252,68462742.25,0.000000073032424,999.9993145,2
253,62470251.44,0.000000080038096,999.9992487,2
254,57043406.65,0.000000087652549,999.9991772,2
255,52125136.47,0.000000095923010,999.9990996,2
256,47664482.27,0.000000104899912,999.9990153,2
257,43615906.97,0.000000114637075,999.998924,2
258,39938686.02,0.000000125191900,999.9988249,2
259,36596370.26,0.000000136625571,999.9987176,2
260,33556311.75,0.000000149003265,999.9986014,2
261,30789245.01,0.000000162394368,999.9984757,2
262,28268916.66,0.000000176872714,999.9983398,2
263,25971757.77,0.000000192516812,999.9981929,2
264,23876593.68,0.000000209410105,999.9980344,2
265,21964386.87,0.000000227641228,999.9978632,2
266,20218008.80,0.000000247304275,999.9976787,2
267,18622037.48,0.000000268499084,999.9974797,2
268,17162577.56,0.000000291331531,999.9972654,2
269,15827100.44,0.000000315913835,999.9970347,2
270,14604302.01,0.000000342364873,999.9967864,2
271,13483975.93,0.000000370810511,999.9965194,2
272,12456900.78,0.000000401383947,999.9962324,2
273,11514739.45,0.000000434226065,999.9959242,2
274,10649949.25,0.000000469485805,999.9955932,2
275,9855701.80,0.000000507320544,999.9952381,2
276,9125811.29,0.000000547896493,999.9948572,2
277,8454670.45,0.000000591389106,999.994449,2
278,7837193.19,0.000000637983508,999.9940116,2
279,7268763.22,0.000000687874932,999.9935433,2
280,6745188.06,0.000000741269176,999.9930422,2
281,6262657.80,0.000000798383076,999.9925061,2
282,5817708.01,0.000000859444989,999.991933,2
283,5407186.58,0.000000924695297,999.9913205,2
284,5028223.78,0.000000994386929,999.9906664,2
285,4678205.44,0.000001068785897,999.9899681,2
286,4354748.82,0.000001148171847,999.989223,2
287,4055680.82,0.000001232838634,999.9884283,2
288,3779018.39,0.000001323094910,999.9875812,2
289,3522950.93,0.000001419264730,999.9866786,2
290,3285824.30,0.000001521688181,999.9857173,2
291,3066126.49,0.000001630722024,999.9846939,2
292,2862474.65,0.000001746740358,999.983605,2
293,2673603.34,0.000001870135306,999.9824469,2
294,2498353.94,0.000002001317713,999.9812157,2
295,2335665.08,0.000002140717876,999.9799074,2
296,2184563.95,0.000002288786281,999.9785177,2
297,2044158.43,0.000002445994369,999.9770423,2
298,1913629.98,0.000002612835323,999.9754765,2
299,1792227.19,0.000002789824870,999.9738155,2
300,1679259.93,0.000002977502113,999.9720542,2
301,1574094.00,0.000003176430376,999.9701873,2
302,1476146.33,0.000003387198078,999.9682094,2
303,1384880.57,0.000003610419627,999.9661146,2
304,1299803.15,0.000003846736331,999.9638969,2
305,1220459.59,0.000004096817345,999.9615501,2
306,1146431.22,0.000004361360623,999.9590677,2
307,1077332.22,0.000004641093913,999.9564427,2
308,1012806.79,0.000004936775757,999.9536682,2
309,952526.73,0.000005249196530,999.9507366,2
310,896189.13,0.000005579179492,999.9476404,2
311,843514.29,0.000005927581867,999.9443713,2
312,794243.83,0.000006295295954,999.9409212,2
313,748138.98,0.000006683250250,999.9372812,2
314,704978.92,0.000007092410608,999.9334423,2
315,664559.45,0.000007523781411,999.9293952,2
316,626691.54,0.000007978406783,999.9251301,2
317,591200.21,0.000008457371811,999.9206367,2
318,557923.39,0.000008961803805,999.9159046,2
319,526710.90,0.000009492873575,999.9109228,2
320,497423.51,0.000010051796738,999.9056799,2
321,469932.10,0.000010639835051,999.9001641,2
322,444116.87,0.000011258297763,999.8943631,2
323,419866.65,0.000011908543009,999.8882643,2
324,397078.17,0.000012591979208,999.8818545,2
325,375655.52,0.000013310066508,999.87512,2
326,355509.59,0.000014064318245,999.8680467,2
327,336557.50,0.000014856302431,999.86062,2
328,318722.19,0.000015687643271,999.8528246,2
329,301931.95,0.000016560022705,999.8446448,2
330,286120.05,0.000017475181975,999.8360645,2
331,271224.35,0.000018434923220,999.8270667,2
332,257186.95,0.000019441111099,999.8176342,2
333,243953.91,0.000020495674440,999.8077488,2
334,231474.97,0.000021600607912,999.797392,2
335,219703.22,0.000022757973729,999.7865446,2
336,208594.92,0.000023969903379,999.7751866,2
337,198109.25,0.000025238599375,999.7632977,2
338,188208.11,0.000026566337042,999.7508566,2
339,178855.90,0.000027955466319,999.7378415,2
340,170019.37,0.000029408413599,999.7242297,2
341,161667.46,0.000030927683585,999.7099981,2
342,153771.11,0.000032515861182,999.6951225,2
343,146303.15,0.000034175613406,999.6795782,2
344,139238.18,0.000035909691326,999.6633397,2
345,132552.40,0.000037720932028,999.6463806,2
346,126223.55,0.000039612260610,999.6286739,2
347,120230.77,0.000041586692194,999.6101916,2
348,114554.53,0.000043647333974,999.5909049,2
349,109176.53,0.000045797387278,999.5707843,2
350,104079.61,0.000048040149671,999.5497991,2
351,99247.67,0.000050379017064,999.5279182,2
352,94665.62,0.000052817485864,999.5051091,2
353,90319.30,0.000055359155142,999.4813386,2
354,86195.41,0.000058007728822,999.4565728,2
355,82281.48,0.000060767017905,999.4307764,2
356,78565.78,0.000063640942705,999.4039133,2
357,75037.29,0.000066633535117,999.3759467,2
358,71685.68,0.000069748940907,999.3468383,2
359,68501.20,0.000072991422024,999.3165491,2
360,65474.71,0.000076365358933,999.285039,2
361,62597.61,0.000079875252981,999.2522667,2
362,59861.79,0.000083525728771,999.2181901,2
363,57259.64,0.000087321536567,999.1827658,2
364,54783.98,0.000091267554725,999.1459492,2
365,52428.05,0.000095368792135,999.1076949,2
366,50185.49,0.000099630390691,999.0679559,2
367,48050.30,0.000104057627781,999.0266846,2
368,46016.82,0.000108655918802,998.9838317,2
369,44079.73,0.000113430819684,998.939347,2
370,42234.00,0.000118388029446,998.893179,2
371,40474.89,0.000123533392766,998.8452751,2
372,38797.92,0.000128872902570,998.7955811,2
373,37198.87,0.000134412702644,998.7440421,2
374,35673.75,0.000140159090259,998.6906014,2
375,34218.80,0.000146118518820,998.6352013,2
376,32830.46,0.000152297600525,998.5777828,2
377,31505.37,0.000158703109053,998.5182854,2
378,30240.35,0.000165341982258,998.4566476,2
379,29032.41,0.000172221324885,998.3928062,2
380,27878.70,0.000179348411299,998.326697,2
381,26776.53,0.000186730688239,998.258254,2
382,25723.37,0.000194375777570,998.1874104,2
383,24716.81,0.000202291479068,998.1140974,2
384,23754.57,0.000210485773210,998.0382454,2
385,22834.51,0.000218966823974,997.9597829,2
386,21954.57,0.000227742981667,997.8786374,2
387,21112.83,0.000236822785749,997.7947347,2
388,20307.46,0.000246214967683,997.7079992,2
389,19536.71,0.000255928453789,997.6183541,2
390,18798.95,0.000265972368113,997.525721,2
391,18092.60,0.000276356035305,997.43002,2
392,17416.20,0.000287088983515,997.3311699,2
393,16768.34,0.000298180947285,997.2290881,2
394,16147.69,0.000309641870464,997.1236903,2
395,15552.97,0.000321481909128,997.0148911,2
396,14983.00,0.000333711434505,996.9026034,2
397,14436.64,0.000346341035913,996.7867388,2
398,13912.79,0.000359381523702,996.6672075,2
399,13410.44,0.000372843932207,996.543918,2
400,12928.60,0.000386739522704,996.4167778,2
401,12466.35,0.000401079786373,996.2856927,2
402,12022.80,0.000415876447269,996.1505672,2
403,11597.12,0.000431141465295,996.0113044,2
404,11188.51,0.000446887039183,995.867806,2
405,10796.21,0.000463125609472,995.7199723,2
406,10419.49,0.000479869861500,995.5677024,2
407,10057.68,0.000497132728389,995.410894,2
408,9710.11,0.000514927394037,995.2494434,2
409,9376.16,0.000533267296116,995.0832458,2
410,9055.25,0.000552166129062,994.9121949,2
411,8746.80,0.000571637847072,994.7361833,2
412,8450.28,0.000591696667101,994.5551024,2
413,8165.17,0.000612357071857,994.3688424,2
414,7890.99,0.000633633812796,994.1772923,2
415,7627.28,0.000655541913118,993.9803401,2
416,7373.58,0.000678096670752,993.7778725,2
417,7129.48,0.000701313661356,993.5697753,2
418,6894.57,0.000725208741294,993.3559334,2
419,6668.46,0.000749798050623,993.1362305,2
420,6450.80,0.000775098016072,992.9105496,2
421,6241.22,0.000801125354016,992.6787725,2
422,6039.40,0.000827897073447,992.4407806,2
423,5845.01,0.000855430478934,992.1964541,2
424,5657.75,0.000883743173586,991.9456728,2
425,5477.33,0.000912853061997,991.6883157,2
426,5303.47,0.000942778353196,991.4242612,2
427,5135.91,0.000973537563579,991.1533871,2
428,4974.38,0.001005149519837,990.8755709,2
429,4818.66,0.001037633361880,990.5906893,2
430,4668.50,0.001071008545740,990.2986191,2
431,4523.68,0.001105294846476,989.9992366,2
432,4383.99,0.001140512361064,989.6924178,2
433,4249.24,0.001176681511271,989.3780388,2
434,4119.22,0.001213823046531,989.0559754,2
435,3993.74,0.001251958046793,988.7261036,2
436,3872.64,0.001291107925370,988.3882994,2
437,3755.74,0.001331294431767,988.0424392,2
438,3642.88,0.001372539654502,987.6883994,2
439,3533.90,0.001414866023906,987.3260569,2
440,3428.66,0.001458296314913,986.9552892,2
441,3327.00,0.001502853649838,986.5759742,2
442,3228.80,0.001548561501134,986.1879904,2
443,3133.92,0.001595443694136,985.7912174,2
444,3042.24,0.001643524409791,985.3855352,2
445,2953.64,0.001692828187364,984.9708251,2
446,2867.99,0.001743379927138,984.5469694,2
447,2785.20,0.001795204893086,984.1138516,2
448,2705.15,0.001848328715534,983.6713564,2
449,2627.74,0.001902777393793,983.2193699,2
450,2552.87,0.001958577298791,982.7577798,2
451,2480.46,0.002015755175664,982.2864755,3
452,2410.41,0.002074338146346,981.8053481,3
453,2342.63,0.002134353712125,981.3142904,3
454,2277.04,0.002195829756190,980.8131974,3
455,2213.57,0.002258794546146,980.3019661,3
456,2152.13,0.002323276736514,979.7804958,3
457,2092.66,0.002389305371209,979.2486881,3
458,2035.08,0.002456909885995,978.7064471,3
459,1979.32,0.002526120110916,978.1536794,3
460,1925.32,0.002596966272702,977.5902946,3
461,1873.02,0.002669478997161,977.0162049,3
462,1822.36,0.002743689311535,976.4313255,3
463,1773.28,0.002819628646840,975.8355746,3
464,1725.73,0.002897328840178,975.228874,3
465,1679.64,0.002976822137026,974.6111484,3
466,1634.98,0.003058141193499,973.9823261,3
467,1591.69,0.003141319078585,973.3423392,3
468,1549.72,0.003226389276359,972.6911232,3
469,1509.03,0.003313385688166,972.0286175,3
470,1469.58,0.003402342634780,971.3547655,3
471,1431.31,0.003493294858538,970.6695147,3
472,1394.20,0.003586277525439,969.9728167,3
473,1358.21,0.003681326227224,969.2646271,3
474,1323.28,0.003778476983424,968.5449064,3
475,1289.40,0.003877766243381,967.8136192,3
476,1256.52,0.003979230888240,967.0707347,3
477,1224.62,0.004082908232912,966.3162269,3
478,1193.65,0.004188836028007,965.5500746,3
479,1163.59,0.004297052461742,964.7722613,3
480,1134.41,0.004407596161813,963.9827757,3
481,1106.07,0.004520506197245,963.1816112,3
482,1078.56,0.004635822080202,962.3687666,3
483,1051.84,0.004753583767776,961.5442458,3
484,1025.89,0.004873831663741,960.7080578,3
485,1000.68,0.004996606620277,959.8602171,3
486,976.19,0.005121949939658,959.0007435,3
487,952.40,0.005249903375923,958.1296622,3
488,929.28,0.005380509136496,957.247004,3
489,906.81,0.005513809883792,956.352805,3
490,884.98,0.005649848736776,955.447107,3
491,863.76,0.005788669272505,954.5299574,3
492,843.13,0.005930315527624,953.601409,3
493,823.07,0.006074831999840,952.6615205,3
494,803.57,0.006222263649353,951.710356,3
495,784.60,0.006372655900269,950.7479852,3
496,766.16,0.006526054641960,949.7744837,3
497,748.22,0.006682506230412,948.7899325,3
498,730.77,0.006842057489525,947.7944181,3
499,713.80,0.007004755712383,946.7880328,3
500,697.29,0.007170648662495,945.7708742,3
501,681.22,0.007339784574996,944.7430457,3
502,665.58,0.007512212157821,943.7046559,3
503,650.37,0.007687980592835,942.6558188,3
504,635.56,0.007867139536942,941.5966538,3
505,621.14,0.008049739123149,940.5272858,3
506,607.10,0.008235829961601,939.4478444,3
507,593.44,0.008425463140577,938.3584648,3
508,580.13,0.008618690227463,937.2592868,3
509,567.18,0.008815563269672,936.1504556,3
510,554.56,0.009016134795548,935.0321208,3
511,542.27,0.009220457815223,933.9044369,3
512,530.30,0.009428585821444,932.767563,3
513,518.64,0.009640572790364,931.6216628,3
514,507.28,0.009856473182300,930.4669042,3
515,496.21,0.010076341942456,929.3034593,3
516,485.43,0.010300234501603,928.1315044,3
517,474.91,0.010528206776741,926.9512197,3
518,464.67,0.010760315171706,925.7627893,3
519,454.69,0.010996616577759,924.5664007,3
520,444.95,0.011237168374129,923.3622452,3
521,435.46,0.011482028428524,922.1505171,3
522,426.21,0.011731255097610,920.9314142,3
523,417.19,0.011984907227453,919.7051369,3
524,408.40,0.012243044153920,918.4718887,3
525,399.82,0.012505725703058,917.2318756,3
526,391.45,0.012773012191424,915.9853061,3
527,383.29,0.013044964426389,914.7323909,3
528,375.33,0.013321643706405,913.473343,3
529,367.56,0.013603111821232,912.208377,3
530,359.99,0.013889431052142,910.9377094,3
531,352.59,0.014180664172071,909.6615581,3
532,345.38,0.014476874445754,908.3801424,3
533,338.34,0.014778125629812,907.0936826,3
534,331.47,0.015084481972809,905.8024002,3
535,324.76,0.015396008215276,904.5065173,3
536,318.21,0.015712769589699,903.2062563,3
537,311.82,0.016034831820470,901.9018405,3
538,305.58,0.016362261123808,900.5934928,3
539,299.49,0.016695124207641,899.2814364,3
540,293.54,0.017033488271458,897.9658944,3
541,287.73,0.017377421006123,896.6470891,3
542,282.06,0.017726990593659,895.3252425,3
543,276.51,0.018082265706990,894.0005759,3
544,271.10,0.018443315509663,892.6733094,3
545,265.81,0.018810209655520,891.3436621,3
546,260.65,0.019183018288348,890.011852,3
547,255.60,0.019561812041492,888.6780952,3
548,250.67,0.019946662037430,887.3426067,3
549,245.85,0.020337639887322,886.0055991,3
550,241.14,0.020734817690523,884.6672836,3
551,236.54,0.021138268034058,883.327869,3
552,232.04,0.021548063992071,881.9875619,3
553,227.64,0.021964279125240,880.6465665,3
554,223.34,0.022386987480154,879.3050845,3
555,219.14,0.022816263588663,877.9633148,3
556,215.03,0.023252182467192,876.6214536,3
557,211.02,0.023694819616029,875.2796941,3
558,207.09,0.024144251018570,873.9382265,3
559,203.25,0.024600553140543,872.5972379,3
560,199.49,0.025063802929194,871.2569119,3
561,195.82,0.025534077812443,869.9174289,3
562,192.22,0.026011455698006,868.5789658,3
563,188.71,0.026496014972494,867.2416958,3
564,185.27,0.026987834500470,865.9057886,3
565,181.90,0.027486993623483,864.57141,3
566,178.61,0.027993572159065,863.2387222,3
567,175.39,0.028507650399705,861.9078833,3
568,172.24,0.029029309111787,860.5790476,3
569,169.16,0.029558629534498,859.2523652,3
570,166.14,0.030095693378708,857.9279823,3
571,163.18,0.030640582825820,856.6060411,3
572,160.29,0.031193380526591,855.2866792,3
573,157.46,0.031754169599918,853.9700306,3
574,154.69,0.032323033631606,852.6562245,3
575,151.98,0.032900056673093,851.3453863,3
576,149.32,0.033485323240161,850.0376369,3
577,146.72,0.034078918311603,848.7330931,3
578,144.17,0.034680927327877,847.431867,3
579,141.68,0.035291436189718,846.1340669,3
580,139.23,0.035910531256733,844.8397964,3
581,136.84,0.036538299345962,843.5491551,3
582,134.50,0.037174827730412,842.2622381,3
583,132.20,0.037820204137567,840.9791362,3
584,129.96,0.038474516747869,839.6999361,3
585,127.75,0.039137854193167,838.4247201,3
586,125.60,0.039810305555154,837.1535663,3
587,123.48,0.040491960363757,835.8865486,3
588,121.41,0.041182908595521,834.6237368,3
589,119.38,0.041883240671952,833.3651965,3
590,117.39,0.042593047457842,832.1109892,3
591,115.44,0.043312420259571,830.8611723,3
592,113.53,0.044041450823371,829.6157993,3
593,111.66,0.044780231333582,828.3749197,3
594,109.82,0.045528854410870,827.1385789,3
595,108.02,0.046287413110427,825.9068186,3
596,106.26,0.047056000920145,824.6796767,3
597,104.53,0.047834711758767,823.4571873,3
598,102.83,0.048623639974010,822.2393807,3
599,101.17,0.049422880340674,821.0262838,3
600,99.54,0.050232528058717,819.8179195,3
601,97.94,0.051052678751311,818.6143077,3
602,96.37,0.051883428462878,817.4154644,3
603,94.83,0.052724873657104,816.2214024,3
604,93.32,0.053577111214920,815.0321313,3
605,91.84,0.054440238432477,813.8476573,3
606,90.39,0.055314353019088,812.6679832,3
607,88.97,0.056199553095150,811.4931092,3
608,87.57,0.057095937190050,810.3230321,3
609,86.20,0.058003604240043,809.1577457,3
610,84.86,0.058922653586117,807.9972411,3
611,83.54,0.059853184971827,806.8415065,3
612,82.24,0.060795298541122,805.6905273,3
613,80.97,0.061749094836139,804.5442862,3
614,79.73,0.062714674794987,803.4027633,3
615,78.50,0.063692139749505,802.2659364,3
616,77.30,0.064681591423006,801.1337805,3
617,76.12,0.065683131927998,800.0062684,3
618,74.97,0.066696863763888,798.8833705,3
619,73.83,0.067722889814669,797.7650551,3
620,72.72,0.068761313346583,796.6512882,3
621,71.62,0.069812238005778,795.5420337,3
622,70.55,0.070875767815929,794.4372536,3
623,69.49,0.071952007175861,793.3369077,3
624,68.45,0.073041060857144,792.2409543,3
625,67.44,0.074143034001669,791.1493495,3
626,66.44,0.075258032119218,790.0620479,3
627,65.46,0.076386161085004,788.9790022,3
628,64.49,0.077527527137207,787.9001638,3
629,63.55,0.078682236874490,786.8254824,3
630,62.62,0.079850397253493,785.754906,3
631,61.70,0.081032115586322,784.6883816,3
632,60.81,0.082227499538016,783.6258546,3
633,59.93,0.083436657124000,782.5672691,3
634,59.06,0.084659696707528,781.5125681,3
635,58.21,0.085896726997107,780.4616934,3
636,57.37,0.087147857043906,779.4145855,3
637,56.55,0.088413196239155,778.3711842,3
638,55.75,0.089692854311528,777.3314281,3
639,54.95,0.090986941324517,776.2952549,3
640,54.17,0.092295567673785,775.2626014,3
641,53.41,0.093618844084512,774.2334036,3
642,52.66,0.094956881608727,773.2075968,3
643,51.92,0.096309791622630,772.1851155,3
644,51.19,0.097677685823895,771.1658935,3
645,50.47,0.099060676228973,770.1498642,3
646,49.77,0.100458875170367,769.1369601,3
647,49.08,0.101872395293914,768.1271135,3
648,48.40,0.103301349556043,767.1202561,3
649,47.73,0.104745851221023,766.1163191,3
650,47.08,0.106206013858210,765.1152333,3
651,46.43,0.107681951339275,764.1169294,3
652,45.80,0.109173777835420,763.1213377,3
653,45.17,0.110681607814594,762.1283879,3
654,44.56,0.112205556038694,761.1380101,3
655,43.96,0.113745737560749,760.1501337,3
656,43.36,0.115302267722113,759.1646882,3
657,42.78,0.116875262149629,758.1816031,3
658,42.21,0.118464836752800,757.2008074,3
659,41.64,0.120071107720942,756.2222306,3
660,41.09,0.121694191520336,755.2458019,3
661,40.54,0.123334204891365,754.2714505,3
662,40.00,0.124991264845647,753.2991059,3
663,39.47,0.126665488663164,752.3286974,3
664,38.95,0.128356993889374,751.3601547,3
665,38.44,0.130065898332327,750.3934075,3
666,37.94,0.131792320059770,749.4283857,3
667,37.44,0.133536377396239,748.4650194,3
668,36.96,0.135298188920157,747.503239,3
669,36.48,0.137077873460916,746.542975,3
670,36.00,0.138875550095956,745.5841585,3
671,35.54,0.140691338147843,744.6267206,3
672,35.08,0.142525357181333,743.6705928,3
673,34.63,0.144377727000439,742.715707,3
674,34.19,0.146248567645488,741.7619955,3
675,33.75,0.148137999390172,740.809391,3
676,33.32,0.150046142738605,739.8578265,3
677,32.90,0.151973118422360,738.9072355,3
678,32.48,0.153919047397514,737.957552,3
679,32.08,0.155884050841682,737.0087104,3
680,31.67,0.157868250151057,736.0606456,3
681,31.28,0.159871766937430,735.113293,3
682,30.88,0.161894723025228,734.1665885,3
683,30.50,0.163937240448526,733.2204686,3
684,30.12,0.165999441448078,732.2748702,3
685,29.75,0.168081448468330,731.3297309,3
686,29.38,0.170183384154435,730.3849888,3
687,29.02,0.172305371349272,729.4405826,3
688,28.66,0.174447533090451,728.4964516,3
689,28.31,0.176609992607329,727.5525358,3
690,27.97,0.178792873318013,726.6087755,3
691,27.62,0.180996298826371,725.665112,3
692,27.29,0.183220392919034,724.721487,3
693,26.96,0.185465279562406,723.777843,3
694,26.63,0.187731082899661,722.834123,3
695,26.31,0.190017927247753,721.8902707,3
696,26.00,0.192325937094412,720.9462306,3
697,25.69,0.194655237095154,720.0019477,3
698,25.38,0.197005952070277,719.0573679,3
699,25.08,0.199378207001866,718.1124375,3
700,24.78,0.201772127030797,717.1671037,3
701,24.49,0.204187837453740,716.2213143,3
702,24.20,0.206625463720163,715.275018,3
703,23.91,0.209085131429334,714.3281639,3
704,23.63,0.211566966327333,713.3807021,3
705,23.36,0.214071094304053,712.4325833,3
706,23.08,0.216597641390212,711.483759,3
707,22.82,0.219146733754364,710.5341811,3
708,22.55,0.221718497699907,709.5838028,3
709,22.29,0.224313059662101,708.6325775,3
710,22.03,0.226930546205081,707.6804597,3
711,21.78,0.229571084018876,706.7274045,3
712,21.53,0.232234799916430,705.7733677,3
713,21.28,0.234921820830623,704.8183058,3
714,21.04,0.237632273811300,703.8621764,3
715,20.80,0.240366286022297,702.9049373,3
716,20.57,0.243123984738475,701.9465475,3
717,20.33,0.245905497342752,700.9869665,3
718,20.10,0.248710951323142,700.0261547,3
719,19.88,0.251540474269801,699.0640731,3
720,19.65,0.254394193872065,698.1006836,3
721,19.43,0.257272237915507,697.1359487,3
722,19.22,0.260174734278985,696.1698319,3
723,19.00,0.263101810931701,695.2022971,3
724,18.79,0.266053595930264,694.2333091,3
725,18.59,0.269030217415753,693.2628337,3
726,18.38,0.272031803610792,692.290837,3
727,18.18,0.275058482816621,691.3172863,3
728,17.98,0.278110383410180,690.3421491,3
729,17.78,0.281187633841190,689.3653943,3
730,17.59,0.284290362629247,688.386991,3
731,17.40,0.287418698360918,687.4069092,3
732,17.21,0.290572769686838,686.4251199,3
733,17.02,0.293752705318819,685.4415944,3
734,16.84,0.296958634026963,684.4563051,3
735,16.66,0.300190684636779,683.4692249,3
736,16.48,0.303448986026306,682.4803275,3
737,16.30,0.306733667123245,681.4895875,3
738,16.13,0.310044856902093,680.4969799,3
739,15.95,0.313382684381287,679.5024806,3
740,15.79,0.316747278620351,678.5060663,3
741,15.62,0.320138768717054,677.5077143,3
742,15.45,0.323557283804572,676.5074025,3
743,15.29,0.327002953048651,675.5051099,3
744,15.13,0.330475905644792,674.5008158,3
745,14.97,0.333976270815426,673.4945003,3
746,14.81,0.337504177807109,672.4861445,3
747,14.66,0.341059755887713,671.4757297,3
748,14.51,0.344643134343640,670.4632382,3
749,14.36,0.348254442477025,669.448653,3
750,14.21,0.351893809602958,668.4319578,3
751,14.06,0.355561365046715,667.4131367,3
752,13.92,0.359257238140987,666.3921748,3
753,13.77,0.362981558223127,665.3690578,3
754,13.63,0.366734454632401,664.343772,3
755,13.49,0.370516056707243,663.3163043,3
756,13.36,0.374326493782526,662.2866424,3
757,13.22,0.378165895186837,661.2547746,3
758,13.09,0.382034390239757,660.2206899,3
759,12.96,0.385932108249158,659.1843779,3
760,12.83,0.389859178508502,658.1458289,3
761,12.70,0.393815730294149,657.1050336,3
762,12.57,0.397801892862677,656.0619837,3
763,12.44,0.401817795448209,655.0166714,3
764,12.32,0.405863567259748,653.9690893,3
765,12.20,0.409939337478523,652.9192308,3
766,12.08,0.414045235255342,651.8670901,3
767,11.96,0.418181389707957,650.8126617,3
768,11.84,0.422347929918434,649.7559409,3
769,11.72,0.426544984930539,648.6969234,3
770,11.61,0.430772683747125,647.6356057,3
771,11.49,0.435031155327534,646.5719849,3
772,11.38,0.439320528585009,645.5060585,3
773,11.27,0.443640932384116,644.4378247,3
774,11.16,0.447992495538166,643.3672823,3
775,11.05,0.452375346806665,642.2944306,3
776,10.95,0.456789614892754,641.2192695,3
777,10.84,0.461235428440674,640.1417995,3
778,10.74,0.465712916033239,639.0620215,3
779,10.63,0.470222206189303,637.9799371,3
780,10.53,0.474763427361264,636.8955485,3
781,10.43,0.479336707932557,635.8088582,3
782,10.33,0.483942176215162,634.7198695,3
783,10.23,0.488579960447130,633.6285859,3
784,10.14,0.493250188790113,632.5350119,3
785,10.04,0.497952989326902,631.439152,3
786,9.95,0.502688490058982,630.3410116,3
787,9.85,0.507456818904096,629.2405963,3
788,9.76,0.512258103693815,628.1379126,3
789,9.67,0.517092472171121,627.032967,3
790,9.58,0.521960051988009,625.9257668,3
791,9.49,0.526860970703086,624.8163198,3
792,9.40,0.531795355779188,623.7046342,3
793,9.32,0.536763334581009,622.5907186,3
794,9.23,0.541765034372741,621.4745822,3
795,9.14,0.546800582315720,620.3562345,3
796,9.06,0.551870105466087,619.2356856,3
797,8.98,0.556973730772463,618.112946,3
798,8.90,0.562111585073626,616.9880267,3
799,8.81,0.567283795096211,615.860939,3
800,8.73,0.572490487452410,614.7316947,3
801,8.65,0.577731788637692,613.6003061,3
802,8.58,0.583007825028529,612.4667859,3
803,8.50,0.588318722880134,611.331147,3
804,8.42,0.593664608324216,610.1934031,3
805,8.35,0.599045607366738,609.0535678,3
806,8.27,0.604461845885689,607.9116557,3
807,8.20,0.609913449628876,606.7676812,3
808,8.12,0.615400544211711,605.6216595,3
809,8.05,0.620923255115029,604.473606,3
810,7.98,0.626481707682901,603.3235364,3
811,7.91,0.632076027120465,602.1714671,3
812,7.84,0.637706338491776,601.0174144,3
813,7.77,0.643372766717652,599.8613954,3
814,7.70,0.649075436573547,598.7034272,3
815,7.64,0.654814472687426,597.5435274,3
816,7.57,0.660589999537657,596.3817139,3
817,7.50,0.666402141450912,595.2180051,3
818,7.44,0.672251022600079,594.0524194,3
819,7.37,0.678136767002190,592.8849758,3
820,7.31,0.684059498516360,591.7156935,3
821,7.25,0.690019340841732,590.544592,3
822,7.18,0.696016417515441,589.3716912,3
823,7.12,0.702050851910587,588.1970111,3
824,7.06,0.708122767234219,587.0205722,3
825,7.00,0.714232286525337,585.8423952,3
826,6.94,0.720379532652895,584.6625011,3
827,6.88,0.726564628313824,583.4809111,3
828,6.82,0.732787696031067,582.2976467,3
829,6.77,0.739048858151627,581.1127298,3
830,6.71,0.745348236844617,579.9261824,3
831,6.65,0.751685954099335,578.7380267,3
832,6.60,0.758062131723345,577.5482853,3
833,6.54,0.764476891340570,576.3569811,3
834,6.49,0.770930354389397,575.1641369,3
835,6.43,0.777422642120796,573.9697761,3
836,6.38,0.783953875596452,572.7739221,3
837,6.32,0.790524175686903,571.5765986,3
838,6.27,0.797133663069697,570.3778294,3
839,6.22,0.803782458227559,569.1776387,3
840,6.17,0.810470681446568,567.9760509,3
841,6.12,0.817198452814350,566.7730902,3
842,6.07,0.823965892218280,565.5687815,3
843,6.02,0.830773119343694,564.3631497,3
844,5.97,0.837620253672123,563.1562197,3
845,5.92,0.844507414479529,561.9480167,3
846,5.87,0.851434720834554,560.7385662,3
847,5.82,0.858402291596789,559.5278937,3
848,5.78,0.865410245415048,558.3160249,3
849,5.73,0.872458700725654,557.1029857,3
850,5.68,0.879547775750745,555.8888019,3
851,5.64,0.886677588496579,554.6734999,3
852,5.59,0.893848256751868,553.4571058,3
853,5.55,0.901059898086106,552.2396461,3
854,5.50,0.908312629847925,551.0211473,3
855,5.46,0.915606569163452,549.801636,3
856,5.42,0.922941832934683,548.581139,3
857,5.37,0.930318537837874,547.3596831,3
858,5.33,0.937736800321928,546.1372954,3
859,5.29,0.945196736606816,544.9140029,3
860,5.25,0.952698462681994,543.6898328,3
861,5.21,0.960242094304834,542.4648124,3
862,5.17,0.967827746999077,541.2389688,3
863,5.13,0.975455536053285,540.0123297,3
864,5.09,0.983125576519317,538.7849225,3
865,5.05,0.990837983210806,537.5567748,3
866,5.01,0.998592870701657,536.3279141,3
867,4.97,1.006390353324560,535.0983682,3
868,4.93,1.014230545169480,533.8681648,3
869,4.89,1.022113560082230,532.6373317,3
870,4.85,1.030039511662990,531.4058968,3
871,4.82,1.038008513264860,530.1738879,3
872,4.78,1.046020677992430,528.941333,3
873,4.74,1.054076118700360,527.7082599,3
874,4.71,1.062174947991960,526.4746968,3
875,4.67,1.070317278217830,525.2406715,3
876,4.64,1.078503221474410,524.0062121,3
877,4.60,1.086732889602680,522.7713467,3
878,4.57,1.095006394186730,521.5361033,3
879,4.53,1.103323846552460,520.3005099,3
880,4.50,1.111685357766210,519.0645946,3
881,4.46,1.120091038633450,517.8283855,3
882,4.43,1.128540999697480,516.5919105,3
883,4.40,1.137035351238070,515.3551978,3
884,4.36,1.145574203270250,514.1182753,3
885,4.33,1.154157665542960,512.8811711,3
886,4.30,1.162785847537810,511.6439131,3
887,4.27,1.171458858467850,510.4065292,3
888,4.24,1.180176807276270,509.1690475,3
889,4.21,1.188939802635230,507.9314958,3
890,4.17,1.197747952944570,506.6939019,3
891,4.14,1.206601366330660,505.4562936,3
892,4.11,1.215500150645190,504.2186988,3
893,4.08,1.224444413463950,502.981145,3
894,4.05,1.233434262085670,501.7436601,3
895,4.02,1.242469803530910,500.5062716,3
896,4.00,1.251551144540820,499.269007,3
897,3.97,1.260678391576060,498.0318938,3
898,3.94,1.269851650815650,496.7949594,3
899,3.91,1.279071028155850,495.5582312,3
900,3.88,1.288336629209080,494.3217365,3
901,3.85,1.297648559302790,493.0855025,3
902,3.83,1.307006923478380,491.8495562,3
903,3.80,1.316411826490160,490.6139247,3
904,3.77,1.325863372804260,489.378635,3
905,3.74,1.335361666597570,488.1437139,3
906,3.72,1.344906811756760,486.9091882,3
907,3.69,1.354498911877160,485.6750846,3
908,3.67,1.364138070261840,484.4414296,3
909,3.64,1.373824389920530,483.2082497,3
910,3.61,1.383557973568660,481.9755713,3
911,3.59,1.393338923626390,480.7434207,3
912,3.56,1.403167342217590,479.511824,3
913,3.54,1.413043331168920,478.2808073,3
914,3.51,1.422966992008890,477.0503965,3
915,3.49,1.432938425966850,475.8206174,3
916,3.47,1.442957733972160,474.5914958,3
917,3.44,1.453025016653190,473.3630571,3
918,3.42,1.463140374336440,472.1353269,3
919,3.39,1.473303907045680,470.9083305,3
920,3.37,1.483515714501000,469.6820931,3
921,3.35,1.493775896117970,468.4566397,3
922,3.32,1.504084551006800,467.2319953,3
923,3.30,1.514441777971430,466.0081847,3
924,3.28,1.524847675508740,464.7852325,3
925,3.26,1.535302341807670,463.5631633,3
926,3.23,1.545805874748440,462.3420015,3
927,3.21,1.556358371901720,461.1217713,3
928,3.19,1.566959930527810,459.9024967,3
929,3.17,1.577610647575900,458.6842018,3
930,3.15,1.588310619683240,457.4669103,3
931,3.13,1.599059943174390,456.2506459,3
932,3.11,1.609858714060460,455.0354321,3
933,3.09,1.620707028038370,453.8212922,3
934,3.06,1.631604980490080,452.6082494,3
935,3.04,1.642552666481910,451.3963267,3
936,3.02,1.653550180763770,450.185547,3
937,3.00,1.664597617768480,448.975933,3
938,2.98,1.675695071611090,447.7675073,3
939,2.96,1.686842636088130,446.5602922,3
940,2.94,1.698040404677000,445.3543099,3
941,2.93,1.709288470535250,444.1495825,3
942,2.91,1.720586926499960,442.9461319,3
943,2.89,1.731935865087060,441.7439798,3
944,2.87,1.743335378490710,440.5431477,3
945,2.85,1.754785558582680,439.343657,3
946,2.83,1.766286496911680,438.1455289,3
947,2.81,1.777838284702820,436.9487844,3
948,2.79,1.789441012856970,435.7534445,3
949,2.78,1.801094771950180,434.5595297,3
950,2.76,1.812799652233080,433.3670605,3
951,2.74,1.824555743630330,432.1760574,3
952,2.72,1.836363135740070,430.9865404,3
953,2.71,1.848221917833340,429.7985295,3
954,2.69,1.860132178853560,428.6120444,3
955,2.67,1.872094007415950,427.4271049,3
956,2.65,1.884107491807100,426.2437302,3
957,2.64,1.896172719984360,425.0619398,3
958,2.62,1.908289779575370,423.8817525,3
959,2.60,1.920458757877580,422.7031873,3
960,2.59,1.932679741857760,421.526263,3
961,2.57,1.944952818151500,420.3509979,3
962,2.55,1.957278073062750,419.1774104,3
963,2.54,1.969655592563370,418.0055187,3
964,2.52,1.982085462292690,416.8353407,3
965,2.51,1.994567767557030,415.6668942,3
966,2.49,2.007102593329320,414.5001967,3
967,2.48,2.019690024248610,413.3352656,3
968,2.46,2.032330144619720,412.1721183,3
969,2.44,2.045023038412820,411.0107715,3
970,2.43,2.057768789262990,409.8512423,3
971,2.41,2.070567480469890,408.6935472,3
972,2.40,2.083419194997340,407.5377027,3
973,2.39,2.096324015472970,406.3837251,3
974,2.37,2.109282024187850,405.2316304,3
975,2.36,2.122293303096130,404.0814345,3
976,2.34,2.135357933814730,402.9331532,3
977,2.33,2.148475997622940,401.7868019,3
978,2.31,2.161647575462160,400.6423959,3
979,2.30,2.174872747935530,399.4999505,3
980,2.29,2.188151595307650,398.3594805,3
981,2.27,2.201484197504270,397.2210007,3
982,2.26,2.214870634111980,396.0845257,3
983,2.24,2.228310984377940,394.9500699,3
984,2.23,2.241805327209590,393.8176474,3
985,2.22,2.255353741174410,392.6872722,3
986,2.20,2.268956304499610,391.5589583,3
987,2.19,2.282613095071920,390.4327192,3
988,2.18,2.296324190437320,389.3085683,3
989,2.16,2.310089667800820,388.186519,3
990,2.15,2.323909604026200,387.0665843,3
991,2.14,2.337784075635820,385.9487771,3
992,2.13,2.351713158810410,384.8331101,3
993,2.11,2.365696929388810,383.7195958,3
994,2.10,2.379735462867860,382.6082465,3
995,2.09,2.393828834402120,381.4990745,3
996,2.08,2.407977118803750,380.3920917,3
997,2.06,2.422180390542310,379.2873098,3
998,2.05,2.436438723744590,378.1847404,3
999,2.04,2.450752192194450,377.0843951,3
1000,2.03,2.465120869332700,375.986285,3
1001,2.02,2.479544828256900,374.8904211,3
1002,2.00,2.494024141721270,373.7968145,3
1003,1.99,2.508558882136530,372.7054757,3
1004,1.98,2.523149121569810,371.6164152,3
1005,1.97,2.537794931744490,370.5296435,3
1006,1.96,2.552496384040140,369.4451707,3
1007,1.95,2.567253549492380,368.3630068,3
1008,1.94,2.582066498792820,367.2831615,3
1009,1.93,2.596935302288930,366.2056446,3
1010,1.91,2.611860029984020,365.1304654,3
1011,1.90,2.626840751537110,364.0576334,3
1012,1.89,2.641877536262910,362.9871575,3
1013,1.88,2.656970453131750,361.9190467,3
1014,1.87,2.672119570769500,360.8533098,3
1015,1.86,2.687324957457550,359.7899555,3
1016,1.85,2.702586681132800,358.728992,3
1017,1.84,2.717904809387580,357.6704278,3
1018,1.83,2.733279409469650,356.6142708,3
1019,1.82,2.748710548282180,355.5605291,3
1020,1.81,2.764198292383750,354.5092103,3
1021,1.80,2.779742707988350,353.460322,3
1022,1.79,2.795343860965330,352.4138718,3
1023,1.78,2.811001816839500,351.3698668,3
1024,1.77,2.826716640791070,350.3283141,3
1025,1.76,2.842488397655710,349.2892208,3
1026,1.75,2.858317151924570,348.2525935,3
1027,1.74,2.874202967744320,347.2184389,3
1028,1.73,2.890145908917180,346.1867635,3
1029,1.72,2.906146038901000,345.1575735,3
1030,1.71,2.922203420809270,344.1308751,3
1031,1.70,2.938318117411210,343.1066743,3
1032,1.69,2.954490191131830,342.0849769,3
1033,1.68,2.970719704052020,341.0657886,3
1034,1.67,2.987006717908610,340.0491149,3
1035,1.66,3.003351294094450,339.0349612,3
1036,1.66,3.019753493658530,338.0233328,3
1037,1.65,3.036213377306040,337.0142346,3
1038,1.64,3.052731005398520,336.0076717,3
1039,1.63,3.069306437953930,335.0036487,3
1040,1.62,3.085939734646790,334.0021704,3
1041,1.61,3.102630954808280,333.0032412,3
1042,1.60,3.119380157426410,332.0068655,3
1043,1.59,3.136187401146090,331.0130474,3
1044,1.59,3.153052744269330,330.021791,3
1045,1.58,3.169976244755340,329.0331002,3
1046,1.57,3.186957960220720,328.0469788,3
1047,1.56,3.203997947939580,327.0634304,3
1048,1.55,3.221096264843710,326.0824585,3
1049,1.54,3.238252967522780,325.1040665,3
1050,1.54,3.255468112224470,324.1282576,3
1051,1.53,3.272741754854680,323.1550349,3
1052,1.52,3.290073950977670,322.1844013,3
1053,1.51,3.307464755816310,321.2163596,3
1054,1.50,3.324914224252250,320.2509126,3
1055,1.50,3.342422410826080,319.2880628,3
1056,1.49,3.359989369737590,318.3278126,3
1057,1.48,3.377615154845960,317.3701644,3
1058,1.47,3.395299819669980,316.4151202,3
1059,1.46,3.413043417388240,315.4626822,3
1060,1.46,3.430846000839430,314.5128523,3
1061,1.45,3.448707622522470,313.5656323,3
1062,1.44,3.466628334596850,312.6210238,3
1063,1.43,3.484608188882770,311.6790284,3
1064,1.43,3.502647236861480,310.7396475,3
1065,1.42,3.520745529675480,309.8028825,3
1066,1.41,3.538903118128760,308.8687346,3
1067,1.41,3.557120052687120,307.9372048,3
1068,1.40,3.575396383478370,307.0082941,3
1069,1.39,3.593732160292670,306.0820034,3
1070,1.38,3.612127432582720,305.1583334,3
1071,1.38,3.630582249464130,304.2372846,3
1072,1.37,3.649096659715650,303.3188577,3
1073,1.36,3.667670711779470,302.4030531,3
1074,1.36,3.686304453761500,301.489871,3
1075,1.35,3.704997933431720,300.5793115,3
1076,1.34,3.723751198224410,299.6713749,3
1077,1.34,3.742564295238540,298.7660611,3
1078,1.33,3.761437271238010,297.8633698,3
1079,1.32,3.780370172652000,296.963301,3
1080,1.32,3.799363045575290,296.0658543,3
1081,1.31,3.818415935768580,295.1710292,3
1082,1.30,3.837528888658820,294.2788251,3
1083,1.30,3.856701949339560,293.3892415,3
1084,1.29,3.875935162571270,292.5022777,3
1085,1.28,3.895228572781680,291.6179327,3
1086,1.28,3.914582224066140,290.7362056,3
1087,1.27,3.933996160187970,289.8570955,3
1088,1.26,3.953470424578810,288.9806012,3
1089,1.26,3.973005060338960,288.1067215,3
1090,1.25,3.992600110237820,287.2354551,3
1091,1.25,4.012255616714130,286.3668007,3
1092,1.24,4.031971621876470,285.5007566,3
1093,1.23,4.051748167503540,284.6373214,3
1094,1.23,4.071585295044620,283.7764934,3
1095,1.22,4.091483045619870,282.9182708,3
1096,1.22,4.111441460020770,282.0626519,3
1097,1.21,4.131460578710530,281.2096347,3
1098,1.20,4.151540441824420,280.3592172,3
1099,1.20,4.171681089170200,279.5113973,3
1100,1.19,4.191882560228560,278.666173,3
1101,1.19,4.212144894153450,277.8235418,3
1102,1.18,4.232468129772570,276.9835016,3
1103,1.18,4.252852305587720,276.1460499,3
1104,1.17,4.273297459775240,275.3111842,3
1105,1.16,4.293803630186450,274.4789021,3
1106,1.16,4.314370854348040,273.6492008,3
1107,1.15,4.334999169462520,272.8220777,3
1108,1.15,4.355688612408630,271.99753,3
1109,1.14,4.376439219741820,271.1755548,3
1110,1.14,4.397251027694630,270.3561493,3
1111,1.13,4.418124072177170,269.5393104,3
1112,1.13,4.439058388777550,268.7250352,3
1113,1.12,4.460054012762320,267.9133204,3
1114,1.12,4.481110979076960,267.1041628,3
1115,1.11,4.502229322346270,266.2975594,3
1116,1.11,4.523409076874900,265.4935066,3
1117,1.10,4.544650276647740,264.6920011,3
1118,1.10,4.565952955330460,263.8930395,3
1119,1.09,4.587317146269880,263.0966182,3
1120,1.08,4.608742882494560,262.3027337,3
1121,1.08,4.630230196715170,261.5113823,3
1122,1.07,4.651779121325020,260.7225604,3
1123,1.07,4.673389688400520,259.9362642,3
1124,1.06,4.695061929701660,259.1524898,3
1125,1.06,4.716795876672540,258.3712334,3
1126,1.06,4.738591560441770,257.5924911,3
1127,1.05,4.760449011823070,256.8162589,3
1128,1.05,4.782368261315660,256.0425327,3
1129,1.04,4.804349339104830,255.2713085,3
1130,1.04,4.826392275062410,254.5025821,3
1131,1.03,4.848497098747270,253.7363493,3
1132,1.03,4.870663839405850,252.9726059,3
1133,1.02,4.892892525972620,252.2113476,3
1134,1.02,4.915183187070660,251.45257,3
1135,1.01,4.937535851012100,250.6962687,3
1136,1.01,4.959950545798700,249.9424392,3
1137,1.00,4.982427299122310,249.1910772,3
1138,1.00,5.004966138365440,248.442178,3
1139,0.99,5.027567090601760,247.6957371,3
1140,0.99,5.050230182596630,246.9517499,3
1141,0.99,5.072955440807640,246.2102115,3
1142,0.98,5.095742891385110,245.4711175,3
1143,0.98,5.118592560172650,244.7344629,3
1144,0.97,5.141504472707710,244.000243,3
1145,0.97,5.164478654222080,243.268453,3
1146,0.96,5.187515129642470,242.5390879,3
1147,0.96,5.210613923591010,241.8121429,3
1148,0.96,5.233775060385830,241.087613,3
1149,0.95,5.256998564041600,240.3654931,3
1150,0.95,5.280284458270080,239.6457783,3
1151,0.94,5.303632766480670,238.9284635,3
1152,0.94,5.327043511780950,238.2135436,3
1153,0.93,5.350516716977270,237.5010134,3
1154,0.93,5.374052404575280,236.7908678,3
1155,0.93,5.397650596780510,236.0831015,3
1156,0.92,5.421311315498910,235.3777093,3
1157,0.92,5.445034582337460,234.6746859,3
1158,0.91,5.468820418604670,233.9740261,3
1159,0.91,5.492668845311200,233.2757244,3
1160,0.91,5.516579883170440,232.5797755,3
1161,0.90,5.540553552599040,231.8861741,3
1162,0.90,5.564589873717510,231.1949146,3
1163,0.89,5.588688866350790,230.5059917,3
1164,0.89,5.612850550028850,229.8193998,3
1165,0.89,5.637074943987250,229.1351335,3
1166,0.88,5.661362067167710,228.4531872,3
1167,0.88,5.685711938218730,227.7735553,3
1168,0.88,5.710124575496160,227.0962322,3
1169,0.87,5.734599997063770,226.4212124,3
1170,0.87,5.759138220693880,225.7484901,3
1171,0.86,5.783739263867920,225.0780598,3
1172,0.86,5.808403143777020,224.4099158,3
1173,0.86,5.833129877322650,223.7440522,3
1174,0.85,5.857919481117150,223.0804635,3
1175,0.85,5.882771971484380,222.4191439,3
1176,0.85,5.907687364460310,221.7600876,3
1177,0.84,5.932665675793620,221.1032887,3
1178,0.84,5.957706920946270,220.4487416,3
1179,0.84,5.982811115094170,219.7964403,3
1180,0.83,6.007978273127740,219.1463791,3
1181,0.83,6.033208409652510,218.498552,3
1182,0.83,6.058501538989780,217.8529532,3
1183,0.82,6.083857675177170,217.2095768,3
1184,0.82,6.109276831969290,216.5684168,3
1185,0.82,6.134759022838310,215.9294673,3
1186,0.81,6.160304260974590,215.2927225,3
1187,0.81,6.185912559287310,214.6581762,3
1188,0.80,6.211583930405050,214.0258226,3
1189,0.80,6.237318386676490,213.3956557,3
1190,0.80,6.263115940170910,212.7676694,3
1191,0.80,6.288976602678930,212.1418577,3
1192,0.79,6.314900385713050,211.5182147,3
1193,0.79,6.340887300508330,210.8967342,3
1194,0.79,6.366937358022970,210.2774102,3
1195,0.78,6.393050568938970,209.6602367,3
1196,0.78,6.419226943662750,209.0452076,3
1197,0.78,6.445466492325770,208.4323168,3
1198,0.77,6.471769224785180,207.8215582,3
1199,0.77,6.498135150624420,207.2129256,3
1200,0.77,6.524564279153880,206.6064131,3
1201,0.76,6.551056619411530,206.0020145,3
1202,0.76,6.577612180163560,205.3997235,3
1203,0.76,6.604230969904980,204.7995342,3
1204,0.75,6.630912996860290,204.2014404,3
1205,0.75,6.657658268984140,203.6054359,3
1206,0.75,6.684466793961900,203.0115145,3
1207,0.75,6.711338579210380,202.4196702,3
1208,0.74,6.738273631878390,201.8298967,3
1209,0.74,6.765271958847460,201.2421878,3
1210,0.74,6.792333566732440,200.6565374,3
1211,0.73,6.819458461882120,200.0729394,3
1212,0.73,6.846646650379950,199.4913874,3
1213,0.73,6.873898138044610,198.9118754,3
1214,0.72,6.901212930430690,198.3343971,3
1215,0.72,6.928591032829350,197.7589463,3
1216,0.72,6.956032450268940,197.1855169,3
1217,0.72,6.983537187515650,196.6141027,3
1218,0.71,7.011105249074190,196.0446973,3
1219,0.71,7.038736639188430,195.4772947,3
1220,0.71,7.066431361842000,194.9118886,3
1221,0.70,7.094189420759030,194.3484729,3
1222,0.70,7.122010819404720,193.7870413,3
1223,0.70,7.149895560986060,193.2275875,3
1224,0.70,7.177843648452430,192.6701055,3
1225,0.69,7.205855084496280,192.1145889,3
1226,0.69,7.233929871553820,191.5610317,3
1227,0.69,7.262068011805570,191.0094275,3
1228,0.69,7.290269507177140,190.4597702,3
1229,0.68,7.318534359339830,189.9120535,3
1230,0.68,7.346862569711250,189.3662714,3
1231,0.68,7.375254139456070,188.8224175,3
1232,0.68,7.403709069486580,188.2804856,3
1233,0.67,7.432227360463440,187.7404697,3
1234,0.67,7.460809012796240,187.2023634,3
1235,0.67,7.489454026644270,186.6661606,3
1236,0.67,7.518162401917100,186.1318552,3
1237,0.66,7.546934138275270,185.5994408,3
1238,0.66,7.575769235130940,185.0689115,3
1239,0.66,7.604667691648580,184.5402608,3
1240,0.65,7.633629506745610,184.0134829,3
1241,0.65,7.662654679093040,183.4885713,3
1242,0.65,7.691743207116210,182.96552,3
1243,0.65,7.720895088995340,182.4443229,3
1244,0.65,7.750110322666310,181.9249738,3
1245,0.64,7.779388905821240,181.4074665,3
1246,0.64,7.808730835909190,180.8917949,3
1247,0.64,7.838136110136840,180.3779528,3
1248,0.64,7.867604725469100,179.8659342,3
1249,0.63,7.897136678629840,179.355733,3
1250,0.63,7.926731966102530,178.8473429,3
